Parti;Løftetekst;Generell;Emner;Kilde;Side
A;Ha et inntektspolitisk samarbeid og en økonomisk politikk som sikrer arbeid til alle. ;Ja;LØNN , SYSSELSETTING;PP;10
A;Følge handlingsregelen for en forsvarlig bruk av oljepenger.;Ja;FINANSER;PP;10
A;Bruke penger slik at det bidrar til å utjevne svingninger i økonomien.;Ja;FINANSER;PP;10
A;Sette ned et utvalg som skal gjennomgå årsakene til finanskrisen.;Nei;FINANSER;PP;10
A;Gjennomføre de tiltak som er nødvendig for å sikre et stabilt og fungerende finansmarked.;Ja;FINANSER;PP;10
A;Stille etiske krav til forvaltning av statlig kapital. ;Ja;FINANSER;PP;10
A;Holde de samlede skattene og avgiftene på samme nivå som i dag.;Nei;SKATTER;PP;10
A;Ha en grundig evaluering av skattereformen av 2006, med særlig blikk på fordelingsvirkningene. ;Ja;SKATTER;PP;10
A;Opprettholde formueskatten, men gjøre den mer rettferdig.;Ja;SKATTER;PP;10
A;Ha stabile og konkurransedyktige skattemessige rammevilkår for næringslivet.;Ja;SKATTER, NÆRINGSLIV;PP;10
A;Styrke arbeidet for å hindre svart økonomi og skatteundragelser både nasjonalt og internasjonalt. ;Ja;SKATTER;PP;10
A;Forsere arbeidet med grønn skatteveksling.;Ja;SKATTER, MILJØVERN;PP;10
A;Arbeide internasjonalt mot skattekonkurranse.;Ja;SKATTER, ØKONOMISK SAMARBEID;PP;10
A;Fornye offentlig sektor ved å tilby bedre kvalitet, økt tilgjengelighet, større valgfrihet, større innflytelse, bedre samordning og kortere behandlingstid. ;Ja;STATSFORVALTNING;PP;11
A;Styrke samarbeidet med frivillig og ideell virksomhet i velferdstilbudet. ;Ja;SOSIALVESEN;PP;11
A;Satse på etter- og videreutdanning av offentlig ansatte.;Ja;STATENS PERSONALPOLITIKK, HØYERE UTDANNING;PP;11
A;At nye statlige pålegg eller reformer til kommunene fullfinansieres.;Nei;KOMMUNENES ØKONOMI;PP;11
A;Opprettholde Forbrukerrådet.;Nei;FORBRUKERSAKER;PP;11
A;Stille krav om forhold som etikk, antall lærlinger, arbeidstakerrettigheter og klimasertifisering ved offentlige innkjøp og anbud, og sikre at konkurransen er reell.;Ja;PRISER OG KONKURRANSEFORHOLD, STATSFORVALTNING, ARBEIDSVILKÅR, MILJØVERN;PP;11
A;Effektivisere rapporteringssystemer innen offentlig sektor for å frigjøre tid til tjenesteproduksjon. ;Ja;STATSFORVALTNING;PP;11
A;Styrke lederkompetansen i det offentlige gjennom blant annet god rekruttering, lederevaluering, kompetanse og økt bruk av åremål. ;Ja;STATENS PERSONALPOLITIKK, STATSFORVALTNING;PP;11
A;At IT-løsninger i offentlig sektor i større grad skal basere seg på åpne standarder.;Ja;STATSFORVALTNING, TELEKOMMUNIKASJONER;PP;11
A;Gjennomføre tiltak som øker innflytelsen til elevene i skolen og til brukere av offentlige tjenester.;Ja;SKOLER, STATSFORVALTNING;PP;11
A;Styrke den reelle medvirkningen for de ansatte, tillitsvalgte og organisasjonene i arbeidslivet for å sikre arbeidsmiljøet og virksomhetenes utvikling;Ja;ARBEIDSLIV, ARBEIDSMILJØ, NÆRINGSUTVIKLING;PP;11
A;Øke tilgjengeligheten for forhåndsstemming, og gi større mulighet til å avgi stemme ved offentlige institusjoner som sykehus, omsorgsboliger, høyere utdanningsinstitusjoner og videregående skoler;Ja;VALG;PP;11
A;Avskaffe prøveordningen med direkte ordførervalg;Ja;VALG;PP;11
A;Endre Grunnloven, slik at Stortinget skal gi tiltredende regjeringer uttrykkelig tillit (investitur), og slik at Regjeringen gis mulighet til oppløsingsrett og utlyse nyvalg. ;Nei;GRUNNLOVEN, REGJERINGEN, STORTINGET;PP;12
A;Videreføre og øke pressestøtten;Ja;MASSEMEDIER;PP;12
A;Styrke NRK som allmennkringkaster og beholde lisensfinansieringen.;Ja;NORSK RIKSKRINGKASTING;PP;12
A;Arbeide for å forenkle stemmegivningen, og gjennomføre forsøk med elektronisk valg;Ja;VALG;PP;12
A;Opprettholde arbeidstakernes rettigheter i sykelønnsordningen.;Ja;ARBEIDSLIV, TRYGDER;PP;12
A;Styrke oppfølgingen av avtalen om inkluderende arbeidsliv (IA-avtalen). ;Ja;ARBEIDSLIV, SYSSELSETTING;PP;12
A;Ha et høyt nivå på arbeidsmarkedstiltak;Ja;SYSSELSETTING;PP;12
A;Satse på særskilt oppfølging av utsatte grupper på arbeidsmarkedet, herunder langtidsledige, personer med nedsatt funksjonsevne og innvandrerkvinner.;Ja;SYSSELSETTING;PP;12
A;Bruke trygd som lønnstilskudd for å få folk i arbeid. ;Ja;SYSSELSETTING, TRYGD;PP;13
A;Ha gunstige finansieringsordninger for å dekke behovet for varig tilrettelagte arbeidsplasser. ;Ja;ARBEIDSLIV;PP;13
A;Styrke arbeidsrettede tiltak og sikre forutsigbare og stabile rammebetingelser for vekst- og attføringsbedriftene. ;Ja;SYSSELSETTING;PP;13
A;Styrke ansattes rett til vern av personlig integritet i arbeidsforhold.;Ja;ARBEIDSMILJØ;PP;13
A;Forenkle og effektivisere godkjenningsprosedyrer for utdanning tatt i utlandet.;Ja;HØYERE UTDANNING;PP;13
A;Skjerpe innsatsen for et godt arbeidsmiljø både nasjonalt og i den enkelte virksomhet.;Ja;ARBEIDSMILJØ;PP;13
A;Styrke Arbeidstilsynet.;Ja;ARBEIDSMILJØ;PP;13
A;Innføre solidaransvar for lønn i hele kontraktskjeden der lønnsnivået i tariffavtale er allmenngjort.;Ja;LØNN;PP;13
A;Sikre mulighet for kompetanseheving/opplæring;Ja;ARBEIDSLIV, VOKSENOPPLÆRING;PP;13
A;Gjennomføre og styrke felleskontroller fra offentlige myndigheter for å forebygge brann, trygdemisbruk, sosial dumping, skatteunndragelser, ulovlig alkoholomsetning og andre straffbare forhold.;Ja;ARBEIDSMILJØ;PP;13
A;Redusere ufrivillig deltidsarbeid i offentlige virksomheter. Gjennom samarbeid med arbeidstakernes organisasjoner arbeide for å finne løsninger som har som mål å avskaffe uønsket deltidsarbeid.;Ja;ARBEIDSVILKÅR;PP;13
A;At staten skal gjennomgå sin ansettelsespolitikk for å redusere bruk av midlertidig ansatte.;Ja;ARBEIDSVILKÅR;PP;13
A;Gå inn for reformer som gir arbeidstakerne mer tid til omsorg for sine barn og sine eldre, og redusert arbeidstid for enkelte arbeidstakere.;Ja;ARBEIDSVILKÅR, FAMILIE;PP;13
A;Bevisstgjøre arbeidsgivere både i offentlig og privat sektor på en inkluderende rekrutteringspolitikk;Ja;SYSSELSETTING;PP;14
A;Styrke likestillings- og diskrimineringsombudet.;Ja;LIKESTILLING, MENNESKERETTIGHETER;PP;14
A;At ved stillinger i det offentlige hvor det finnes kvalifiserte søkere med minoritetsbakgrunn, skal minst én kalles inn til intervju.;Nei;STATENS PERSONALPOLITIKK, INNVANDRERE;PP;14
A;At innvandrere informeres om rettigheter og plikter i norsk arbeidsliv og velferdssystem.;Ja;INNVANDRERE, ARBEIDSLIV;PP;14
A;Fjerne barrierer og sørge for universell utforming og tilgjengelighet for alle til å delta i samfunnet.;Ja;SYSSELSETTING;PP;14
A;Gjennomgå det pedagogiske innholdet i språkopplæring for innvandrere.;Ja;INNVANDRERE, SPRÅK, VOKSENOPPLÆRING;PP;14
A;Motarbeide fanatisme og antidemokratiske holdninger i Norge.;Ja;MENNESKERETTIGHETER;PP;14
A;Intensivere forskningen på homofiles levekår. ;Ja;FORSKNING, FAMILIE;PP;14
A;Arbeide mot hatkriminalitet;Ja;MENNESKERETTIGHETER, POLITI OG PÅTALEMYNDIGHET;PP;14
A;At det iverksettes et program i skolen for å oppnå mindre kjønnsdelte utdanningsutvalg, blant annet gjennom bedre yrkesrådgivning.;Ja;LIKESTILLING, SKOLER;PP;15
A;Styrke retten til heltid, og vurdere nye lovendringer for å få til dette.;Ja;ARBEIDSVILKÅR;PP;15
A;Endre arbeidsmiljøloven slik at de som arbeider tredelt turnus får redusert arbeidstid. ;Ja;ARBEIDSVILKÅR;PP;15
A;Arbeide for at deltidssansatte i private og offentlige pensjonskasser får rettferdig pensjon.;Ja;ARBEIDSVILKÅR;PP;15
A;Motvirke kjønnsdelt arbeidsmarked ved kvotering og andre tiltak til utdanning, tilsetting og ledelse.;Ja;ARBEIDSVILKÅR, LIKESTILLING;PP;15
A;Bevisst bygge miljøer rundt det underrepresenterte kjønn ved høyere utdanningsinstitusjoner og videregående skoler som er tradisjonelt kjønnsdelt.;Ja;LIKESTILLING, HØYERE UTDANNING, VIDEREGÅENDE SKOLER;PP;15
A;Gi innvandrerkvinner tilbud om kvalifiseringsprogram der arbeidsrettet norskopplæring kombineres med ordinær arbeidspraksis;Nei;LIKESTILLING, INNVANDRERE, SPRÅK, ARBEIDSLIV;PP;15
A;Arbeide for å styrke forskning rettet mot likestilling i samfunnet generelt.;Ja;FORSKNING, LIKESTILLING;PP;15
A;Sikre at samiske læremidler i skolen er tilgjengelig.;Ja;SKOLER, SAMER;PP;15
A;Sikre kommunene tilstrekkelig med ressurser til å gi undervisning i samisk og nasjonale minoritetsspråk, og legge til rette for tospråklighet.;Ja;KOMMUNENES ØKONOMI, SPRÅK, SKOLER, MENNESKERETTIGHETER, SAMER;PP;15
A;At skoleelever i de samiske områdene skal kunne velge samisk i stedet for sidemål.;Nei;SAMER, SKOLER, SPRÅK;PP;15
A;Styrke medie- og litteraturtilbudet på samisk. ;Ja;SAMER, SPRÅK;PP;15
A;Utdanne flere samiske lærere, førskolelærere og helse-og sosialarbeidere.;Ja;SAMER, HØYERE UTDANNING;PP;15
A;Styrke det samiske kulturlivet ved å øke bevilgningene til Sametinget.;Ja;SAMER, KULTUR;PP;15
A;Styrke samisk forskning og forskning om samiske forhold.;Ja;SAMER, FORSKNING;PP;15
A;Satse på samisk reiselivsutvikling og design/duodji. ;Ja;SAMER, REISELIVSNÆRING, HANDEL;PP;15
A;Utforme rovdyrpolitikken slik at eksistensgrunnlaget for samiske næringer sikres. ;Ja;SAMER, REINDRIFT;PP;15
A;At Sametinget skal tas med i utviklingen av klimapolitikken.;Ja;SAMER, MILJØVERN;PP;15
A;Bedre rammebetingelsene for samiske kunstnere og kulturutøvere og bidra til internasjonal profilering av samisk kultur.;Ja;SAMER, KULTUR;PP;15
A;Øke antallet samiske barnehageplasser.;Ja;SAMER, BARNEHAGER;PP;15
A;Sikre landsdekkende samiske aviser, og medier for ulike nasjonale minoriteter. ;Ja;MASSEMEDIER, SAMER, MENNESKERETTIGHETER;PP;16
A;Styrke forskningen og kunnskapsutviklingen rundt nasjonale minoriteter.;Ja;FORSKNING, MENNESKERETTIGHETER;PP;16
A;Støtte tiltak som setter fokus på nasjonale minoriteters kultur.;Ja;MENNESKERETTIGHETER, KULTUR;PP;16
A;Innføre tilbud om førskole i barnehage for alle 5-åringer som ikke har barnehageplass.;Nei;BARNEHAGER;PP;18
A;Tilby gratis kjernetid i barnehage for alle 3-5-åringer i områder med mange minoritetsspråklige, og utvide ordningen til flere områder enn i dag. Det er viktig å drive oppsøkende virksomhet for å øke bruken av tilbudet i målgruppen. ;Nei;BARNEHAGER, INNVANDRERE;PP;18
A;Holde maksimalprisen for barnehager på et lavt nivå.;Ja;BARNEHAGER;PP;18
A;Legge til rette for å øke andelen ansatte med minoritetsbakgrunn i barnehage og skole.;Ja;BARNEHAGER, INNVANDRERE;PP;18
A;Arbeide for at flere menn ansettes i barnehagene.;Ja;BARNEHAGER ;PP;18
A;Sikre likeverdige lønns- og arbeidsforhold for ansatte i private og kommunale barnehager.;Ja;ARBEIDSVILKÅR, BARNEHAGER;PP;18
A;Utdanne og rekruttere nok førskolelærere, sikre tilfredsstillende voksentetthet og styrke de øvrige ansattes kompetanse for å gi barnehagene bedre kvalitet. ;Ja;BARNEHAGER, HØYERE UTDANNING;PP;18
A;At alle elever skal ha sin primære tilhørighet til én fast klasse eller basisgruppe hvor hoveddelen av felles opplevelser skjer.;Nei;SKOLER;PP;19
A;Gi elevene rett til å gå på den skolen som ligger nærmest eller den de sokner til, og mulighet til å tas inn på en annen skole dersom de ønsker det.;Nei;SKOLER;PP;19
A;At lærestoffet og læremidlene skal gjenspeile mangfoldet i samfunnet.;Ja;SKOLER;PP;19
A;Sikre at læremidlene er tilgjengelige for alle elever fra skolestart, uansett målform eller tilretteleggingsbehov.;Ja;SKOLER;PP;19
A;Videreutvikle nasjonale kartleggingsprøver og innføre slike prøver i videregående opplæring;Ja;SKOLER, VIDEREGÅENDE SKOLER;PP;19
A;Legge til rette for at resultatene fra nasjonale prøver ikke kan brukes til å rangere elever, klasser eller skoler, men til å heve det faglige nivået for hver enkelt elev.;Ja;SKOLER;PP;19
A;Utarbeide konkrete læringsmål for hvert trinn til hjelp i lærernes læreplanarbeid.;Nei;SKOLER;PP;19
A;Styrke arbeidet med elev- og lærlingvurdering, og sikre at hver enkelt får tilbakemeldinger som fremmer læring og mestring.;Ja;SKOLER;PP;19
A;Opprette en nasjonal database med blant annet undervisningsopplegg, planarbeid og materiale til bruk i kontakten mellom skole og hjem.;Nei;SKOLER;PP;19
A;Utvikle nettbaserte læremidler til bruk i undervisningen.;Ja;SKOLER;PP;19
A;Satse på bemannede, utviklingsorienterte og dynamiske skolebibliotek som læringssentra i grunnskolen.;Ja;SKOLER, BIBLIOTEK OG LITTERATUR;PP;19
A;Utvide timeantallet til 28 skoletimer i uka på barnetrinnet og videreutvikle heldagsskolen med fokus på grunnleggende ferdigheter og leksehjelp. Vi vil ha én time gratis SFO med fysisk aktivitet hver dag i de første fire årene.;Nei;GRUNNSKOLE;PP;20
A;Gi spesialundervisning og oppfølging så tidlig som mulig i skoleløpet. Der en elev ligger under kritisk grense i grunnleggende ferdigheter, skal det umiddelbart iverksettes særskilt oppfølging;Ja;SPESIALUNDERVISNING;PP;20
A;At privatøkonomi ikke skal utelukke noen fra å delta på aktiviteter i skolens regi.;Ja;GRUNNSKOLE;PP;20
A;Motivere flere til å velge 2. fremmedspråk, og øke motivasjonen for realfag.;Ja;GRUNNSKOLE;PP;20
A;Ha en gjennomgang av morsmålsopplæringen for å sikre god kvalitet og at den går til de elever som har behov for det. Vi vil at flere får tilbud om morsmålsopplæring som 2. fremmedspråk.;Ja;GRUNNSKOLE;PP;20
A;Sørge for nært samarbeid mellom ungdomsskolene og de videregående skolene.;Ja;GRUNNSKOLE, VIDEREGÅENDE SKOLER;PP;20
A;Legge til rette for tilbud om ungdomssbedrift på ungdomsskoler.;Ja;GRUNNSKOLE;PP;20
A;Sikre leksehjelp for alle som ønsker det.;Ja;GRUNNSKOLE;PP;20
A;Styrke både den sosialpedagogiske  rådgivningen og yrkesveiledningen ved å doble rådgivningsressursene og innføre kompetansekrav for rådgivere.;Nei;SKOLER;PP;20
A;Legge til rette for at elevene i grunnskolen skal ha daglig  fysisk aktivitet;Ja;GRUNNSKOLE;PP;20
A;Forsterke samarbeidet mellom hjem og skole;Ja;SKOLER;PP;20
A;Jobbe aktivt mot mobbing i skolen.;Ja;SKOLER;PP;20
A;Sørge for at elever på studieforberedende program kan ta deler av fag innenfor høyere utdanning;Ja;VIDEREGÅENDE SKOLER, HØYERE UTDANNING;PP;21
A;Styrke rekrutteringen til realfag og språkfag i samarbeid med lokalt arbeids- og næringsliv.;Ja;VIDEREGÅENDE SKOLER, NÆRINGSLIV;PP;21
A;Gjøre de teoretiske fagene i yrkesfaglige studieprogram mer praksisnære, og legge opp til mer varierte undervisningsformer;Ja;VIDEREGÅENDE SKOLER;PP;21
A;Øke antall læreplasser både i offentlig og privat sektor, blant annet gjennom å lovfeste retten til læreplass.;Nei;VIDEREGÅENDE SKOLER;PP;21
A;Gi tilbud om alternative løp i videregående opplæring som er mer praktisk rettet, samt gi flere tilbud der hele eller større deler av opplæringen foregår i arbeidslivet.;Ja;VIDEREGÅENDE SKOLER;PP;21
A;Overføre god praksis i arbeidet mot frafall og sette inn tiltak der problemet er størst.;Ja;VIDEREGÅENDE SKOLER;PP;21
A;At ingen med ungdomsrett skal måtte ta opp studielån for å gjennomføre videregående opplæring.;Nei;VIDEREGÅENDE SKOLER, STUDIEFINANSIERING;PP;21
A;Videreutvikle ordningen med minoritetsrådigvere på  skoler med flere enn 25 prosent elever med innvandrerbakgrunn.;Ja;SKOLER, INNVANDRERE;PP;21
A;At elever med fagbrev skal gis større mulighet til å søke høyere utdanning innenfor sitt fagområde.;Ja;VIDEREGÅENDE SKOLER, HØYERE UTDANNING;PP;21
A;Videreutvikle lærekandidatordningen og forsøkene med praksisbrev.;Ja;VIDEREGÅENDE SKOLER;PP;21
A;Gjennomføre forsøk med mentorordninger der ressurspersoner fra skoler og arbeidsliv følger opp enkeltelever som står i fare for avbryte opplæringen.;Nei;VIDEREGÅENDE SKOLER;PP;21
A;Samarbeide med kommunene om miljøkontakter på de videregående skolene som kan bidra til å løse sosial problemer.;Ja;VIDEREGÅENDE SKOLER, KOMMUNER;PP;21
A;Gi tilbud om intensiv undervisning før ny eksamen i fag eleven har strøket i.;Ja;VIDEREGÅENDE SKOLER;PP;21
A;Differansiere lærerutdanningene ved i større grad å spesialisere inn mot trinn og fag.;Ja;HØYERE UTDANNING;PP ;22
A;Etablere systematiske ordninger for etter- og videreutdanning av lærere, og innføre en rett og en plikt til å holde seg faglig oppdatert.;Ja;HØYERE UTDANNING;PP;22
A;Utvikle nasjonalt rammeverk som sikrer økt lærertetthet i skolen og likeverdighet i opplæringstilbudet. Vi vil ha flere yrkesgrupper inn i skolen for å avlaste lærere og frigjøre tid til undervisning.;Ja;SKOLER;PP;22
A;Gjennomføre tiltak som bidrar til å heve lærernes status og kompetanse i dialog med lærernes organisasjoner og KS. Målet er en bedre organisert skolehverdag hvor lærernes rolle styrkes. Fokuset må være på arbeidet i undervisningssituasjonen, og på at de samlede lærerressursene brukes best mulig.;Ja;SKOLER;PP;22
A;Sikre rekruttering og tilgang på lærere og annet fagpersonell gjennom blant annet seniortiltak, ordninger for avskriving av studielån for språk- og realfagslærere og tilbud om pedagogisk utdannning for annet fagpersonell som tar jobb i skolen.;Ja;SKOLER;PP;22
A;Innføre sentralgitte prøver og sensur i sentrale undervisningsfag ved lærerhøyskolene for å sikre en jevn og høy faglig standard.;Nei;HØYERE UTDANNING;PP;22
A;Gjennomgå plan- og rapporteringskravene med det formål å frigi lærertid til undervisning og oppfølging av den enkelte elev.;Nei;SKOLER;PP;22
A;Styrke pedagogikk, klasseledelse og undervisningspraksis i lærerutdanningen. Vi vil styrke undervisningsforskningen og øke forskningskompetanse.;Ja;HØYERE UTDANNING, FORSKNING;PP;22
A;Innføre inntektsgraderte satser, søskenmoderasjon og samordning mellom betaling i barnehage og skolefritidsordning.;Nei;BARNEHAGE, SKOLER;PP;22
A;Øke kvaliteten og ha flere ansatte med fagutdanning i skolefritidsordningen.;Ja;SKOLER;PP;22
A;Legge til rette for en ordning hvor egne tillitsvalgte jobber spesielt med motivering og tilrettelegging av opplæring for ansatte.;Ja;ARBEIDSVILKÅR, VOKSENOPPLÆRING;PP;23
A;Styrke voksenopplæringsorganisasjonene.;Ja;VOKSENOPPLÆRING;PP;23
A;Evaluere effekten av tiltakene som er gjennomført etter  gjennomgangen av etter- og videreutdanningspolitikken i 1990-årene, og vurdere behover for en ny helhetlig innsats.;Ja;HØYERE UTDANNING;PP;23
A;Gjennomgå og styrke voksnes rettigheter og støtteordninger til grunnopplæring.;Ja;VOKSENOPPLÆRING;PP;23
A;At alle som ikke har videregående utdanning får mulighet til å ta dette - uavhengig av alder.;Nei;VIDEREGÅENDE SKOLER, VOKSENOPPLÆRING;PP;23
A;Senke aldersgrensen for realkompetansevurdering.;Nei;UTDANNING;PP;23
A;Gi tilbud om språkopplæring også til innvandrere - særlig kvinner - som har bodd i Norge lenge.;Ja;INNVANDRERE, UTDANNING, LIKESTILLING;PP;23
A;Sørge for at bedre ferdigheter i å lese og skrive er en del av arbeidsmarkedspolitikken.;Ja;UTDANNING, ARBIEDSLIV;PP;23
A;Ha sterkere nasjonal styring for å sikre økt samarbeid, mer spesialisering og bedre arbeidsdeling mellom de høyere utdanningsinstitusjonene;Ja;HØYERE UTDANNING;PP;24
A;Styrke kvaliteten og relevansen til bachelorutdanningene, slik at de er mer tilpasset arbeidslivets behov;Ja;HØYERE UTDANNING;PP;24
A;Lage en nasjonal handlingsplan for næringsrettede utdanninger.;Nei;HØYERE UTDANNING;PP;24
A;At utdanningsinstitusjonene i større grad enn i dag tilpasser sine tilbud for livslang læring og arbeidslivets behov.;Ja;HØYERE UTDANNING, VOKSENOPPLÆRING, ARBEIDSLIV;PP;24
A;Styrke det pedagogiske utviklingsarbeidet ved de høyere utdanningsinstitusjonene.;Ja;HØYERE UTDANNING;PP;24
A;Legge til rette for økt studentutveksling med andre land.;Ja;HØYERE UTDANNING;PP;24
A;Styrke studentvelferden blant annet ved å sikre studentsamskipnadene gode vilkår.;Ja;HØYERE UTDANNING;PP;24
A;At studielån og stipend reguleres i takt med prisstigningen.;Ja;STUDIEFINANSIERING;PP;24
A;Øke bevilgningene og legge om utbetalingsstrukturen for studielån, slik at studiefinansiering betales ut over 11 måneder.;Nei;STUDIEFINANSIERING;PP;24
A;Evaluere dagens ordning med stykkprisfinansiering knyttet til antall uteksaminerte kandidater.;Nei;HØYERE UTDANNING;PP;24
A;At flere av fagskolene bør ha offentlig finansiering, herunder de helsefaglige.;Ja;UTDANNING;PP;24
A;Bidra til at studentmedvirkning skal ivaretas på alle nivåer.;Ja;HØYERE UTDANNING;PP;24
A;Gjøre entreprenørskap til en større del av flere utdanninger.;Ja;HØYERE UTDANNING;PP;24
A;Videreutvikle fjernopplæringstilbud og desentralisere utdanningstilbud.;Ja;HØYERE UTDANNING;PP;24
A;At den samlede norske forskningen økes.;Ja;FORSKNING;PP;25
A;Satse spesielt på forskning innenfor områdene energi, miljø, maritim og marin sektor, samt på nordområdespørsmål.;Ja;FORSKNING, MILJØVERN, ENERGI, POLAROMRÅDER, ;PP;25
A;Innrette forskning mot regionale satsingsområder og underbygge utviklingen av regionale fortrinn og regionale verdiskapingsmiljøer.;Ja;FORSKNING, DISTRIKTSPOLITIKK;PP;25
A;Øke grunnforskningen.;Ja;FORSKNING;PP;25
A;Sikre vitenskapsteoretisk og etisk kompetanse i forskerutdanningen.;Ja;UTDANNING, FORSKNING;PP;25
A;Styrke forskerrekrutteringen og innføre flere post.doc-stillinger og faste stillinger.;Ja;FORSKNING;PP;25
A;Legge til rette for økt forskerutveksling med andre land og for at norske forskere deltar mer i EUs rammeprogrammer.;Ja;FORSKNING, INTERNASJONALT SAMARBEID;PP;25
A;Styrke virkemidler som utløser økt forskning i næringslivet, som brukerstyrte program og nærings-ph.d.;Ja;FORSKNING, NÆRINGSLIV;PP;25
A;At forskere, studenter og bedrifter har tilgang til relevant moderne utstyr.;Ja;FORSKNING;PP;25
A;Arbeide for å fremme en kultur for entreprenørskap i høyere utdanning.;Ja;HØYERE UTDANNING;PP;25
A;Satse videre på de områdene der vi har spesielle forutsetninger for å være gode, som energi og miljø, reiseliv, maritim og marin sektor, blant annet gjennom satsing på forskning og utvikling.;Ja;NÆRINGSLIV, FORSKNING;PP;26
A;Si nei til salg av StatoilHydro og til delprivatisering eller salg av Statkraft og Statnett.;Nei;skulle;PP;26
A;Fortsatt sikre hjemfallsinstituttet.;Nei;ENERGI, STATSBEDRIFTER;PP;26
A;At bedrifter som staten eier skal ta samfunnsansvar både lokalt, regionalt, nasjonalt og internasjonalt.;Ja;STATSBEDRIFTER;PP;27
A;Sørge for tilgang til kapital gjennom bevilgninger til såkornkapital og etableringsstipend til gründere.;Ja;NÆRINGSUTVIKLING;PP;27
A;At virkemiddelapparatet skal treffe bedriftenes behov.;Ja;NÆRINGSUTVIKLING;PP;27
A;At virkemiddelapparatet skal ha spesielt fokus på behovene til små og mellomstore bedrifter.;Ja;NÆRINGSUTVIKLING;PP;27
A;Bruke statens kapitalstyrke som kapitalkilde til konkurransedyktige nyskapingsprosjekter.;Ja;NÆRINGSUTVIKLING;PP;27
A;At det offentlige i større grad bruker sin stilling som stor innkjøper for å bidra til teknologiutvikling i næringslivet, og øke satsingen på på offentlige forsknings- og utviklingskontrakter.;Ja;NÆRINGSUTVIKLING, FORSKNING;PP;27
A;Videreføre Skattefunn-ordningen.;Nei;SKATTEFRADRAG, NÆRINGSUTVIKLING, FORSKNING;PP;27
A;Forenkle næringslivets krav til rapportering gjennom et kontinuerlig forenklingsarbeid.;Ja;NÆRINGSLIV;PP;27
A;Arbeide for at flere kvinner etablerer og videreutvikler bedrifter gjennom oppfølging av handlingsplan for mer entreprenørskap blant kvinner.;Ja;LIKESTILLING, NÆRINGSUTVIKLING;PP;27
A;Fortsette å skaffe til veie ny kraft gjennom Enova og ny nettutbygging, og så langt som mulig innenfor EØS-regelverket, utvikle garanti- og finansordninger for kraftkjøp til konsortium.;Ja;ENERGI;PP;27
A;Fortsette styrkingen av designdrevet næringsutvikling.;Ja;NÆRINGSUTVIKLING;PP;27
A;Stimulere til næringsvirksomhet i skjæringspunktet mellom kultur og næring.;Ja;KULTUR, NÆRING;PP;27
A;At det offentlige som byggherre, regulator og kontrollmyndighet bidrar til at bygge- og anleggsbransjen utvikler seg som en produktiv, innovativ og kompetanseutviklende næring.;Ja;NÆRINGSLIV, STATSFORVALTNING;PP;27
A;Videreutvikle reiselivsnæringen med fokus på kvalitet og markedsføringen av Norge i utlandet.;Ja;REISELIVSNÆRING;PP;27
A;Videreutvikle den maritime næringen med fokus på forskning og innovasjon rettet mot utvikling av mer miljøvennlige løsninger.;Ja;NÆRINGSLIV, MILJØVERN;PP;27
A;Legge til rette for fremtidig verdiskapning gjennom økt utvikling og bruk av norsk miljøteknologi.;Ja;NÆRINGSLIV, MILJØVERN;PP;27
A;Utarbeide en nasjonal næringspolitisk strategi for privat tjenesteytende sektor.;Nei;NÆRINGSLIV;PP;27
A;Prioritere bønder som henter en vesentlig del av sysselsetting og inntekt fra gården og annen primærnæringsvirksomhet.;Ja;LANDBRUK, SYSSELSETTING;PP;28
A;Stimulere til samdrifter og samarbeidstiltak, gjennom et fremtidsrettet og fleksibelt regelverk.;Ja;LANDBRUK;PP;28
A;Videreutvikle verdiskapingsprogrammene for mat, trevirke, reindrift og bioenergi.;Ja;LANDBRUK, SKOGBRUK, REINDRIFT;PP;28
A;Satse på grønt reiseliv og bygdeutviklingstiltak.;Ja;REISELIVSNÆRING, DISTRIKTSPOLITIKK;PP;28
A;Satse på økologisk landbruk, og stimulere til utvikling av nisjeprodukter.;Ja;LANDBRUK;PP;28
A;At norsk matproduksjon skal verdsettes og fortsatt være en viktig del av den totale verdikjeden.;Ja;LANDBRUKSPRODUKTER;PP;28
A;Stimulere til økologisk og økonomisk bærekraftig reindrift.;Ja;REINDRIFT;PP;28
A;Sikre rekrutteringen til landbruket, samt stimulere til mangfold i landbruket.;Ja;LANDBRUK;PP;28
A;Sikre jordbruksarealer for framtiden som grunnlag til matproduksjon og for å holde kulturlandskapet i hevd.;Ja;LANDBRUK;PP;28
A;At håndtering av dyr skal skje med omsorg og respekt for dyrets egenart. Arbeiderpartiet mener at dyr har egenverdi.;Ja;HUSDYR;PP;28
A;Sikre en bærekraftig forvaltning av de marine ressursene.;Ja;HAVBRUK;PP;29
A;Sikre god ressurskontroll i fiskeriene.;Ja;FISKERIER;PP;29
A;Bekjempe ulovlig, uregulert og urapportert fiske.;Ja;FANGST;PP;29
A;Styrke den marine forskningen.;Ja;FORSKNING, HAVBRUK;PP;29
A;Styrke kunnskapen om hvilke effekter klimaendringer vil ha på havets økosystemer og det kystbaserte næringslivet.;Ja;HAVBRUK, MILJØVERN;PP;29
A;Arbeide for å redusere utslipp av miljøgifter og klimagasser fra fiskeflåten og landindustrien.;Ja;HAVBRUK, FORURENSNING;PP;29
A;Forebygge arealkonflikter og legge til rette for sameksistens mellom de ulike aktørene som benytter kystsonen.;Ja;HAVBRUK;PP;29
A;Utvikle mulighetene i samspillet mellom marin sektor og reiselivsnæringen.;Ja;HAVBRUK, REISELIVSNÆRING;PP;29
A;Styrke den nasjonale satsingen på fangstbasert havbruk og oppdrett av nye arter.;Ja;HAVBRUK;PP;29
A;Utarbeide en nasjonal strategi for marin bioprospektering.;Nei;HAVBRUK, FORSKNING;PP;29
A;Styrke innelands markedsføring av sjømat. ;Ja;FISKEOMSETNING;PP;29
A;Utarbeide en strategi som har til hensikt å beskytte og bygge opp lokale kystbestander av fisk.;Nei;FANGST;PP;29
A;Styrke økosystembasert forvaltning for å sikre at bestander som i dag indirekte bidrar til verdiskaping som fôr og mat til andre arter, også forvaltes bærekraftig.;Ja;HAVBRUK;PP ;29
A;Gjennomføre et løft for transport og kommunikasjon gjennom å øke satsingen på vei, jernbane og havner og farleder.;Ja;VEGTRAFIKK, JERNBANER, HAVNER;PP ;30
A;Prioritere vedlikehold og trafikksikkerhet vesentlig høyere innenfor bevilgningene til vei og bane.;Ja;VEGTRAFIKK, JERNBANER;PP;30
A;Fortsette å legge om bilavgifter slik at det lønner seg å ha en bil som forurenser lite.;Ja;VEGTRAFIKK, FORURENSNING;PP;30
A;Satse på sammenhengende sykkelveinett i byområder.;Ja;VEGTRAFIKK;PP;30
A;Støtte bypakker med tiltak for å redusere biltrafikken og øke kollektivsatsing.;Ja;VEGTRAFIKK, SAMFERDSEL;PP;30
A;Satse spesielt i det såkalte Intercity-triangelet for å få en rask økning i kapasiteten til godstransport med jernbane.;Ja;JERNBANER;PP;30
A;Prioritere kraftig opprustning og forbedring av dagens jernbanenett, noe som vil redusere reisetiden og øke avgangsfrekvensen for jernbane.;Ja;JERNBANER;PP;30
A;Øke innsatsen på kollektivtransport gjennom økt togtilbud og en vesentlig økning av belønningsordningen til kollektivtrafikk.;Ja;SAMFERDSEL;PP;30
A;Vurdere hvordan mulige konsepter for høyhastighetsbaner kan tilpasses norske forhold.;Ja;JERNBANER;PP;30
A;Utvikle ungdomsrabatter i kollektivtransporten slik at ungdom, elever, lærlinger og studenter får rett til 50 prosent rabatt.;Ja;SAMFERDSEL;PP;30
A;Støtte bybaneløsninger.;Ja;SAMFERDSEL;PP;30
A;Tilrettelegge havner og godsterminaler for å få gods over på tog og bane.;Ja;JERNBANER, HAVNER;PP;30
A;Øke innsatsen til merking og utbedring av farledene.;Ja;SJØFART;PP;30
A;Styrke oljevernberedskapen og slepebåtkapasiteten.;Ja;SIKKERHET TIL SJØS;PP;30
A;Arbeide for fornyelse av fergeflåten.;Ja;FERGER;PP;30
A;Se syketransport og drosjetilbud og evt. andre transporttilbud i sammenheng for å sikre et godt tilbud.;Ja;SAMFERDSEL, DISTRIKTSPOLITIKK;PP;30
A;Opprettholde likeverdige tilbud av posttjenester til lik pris over hele landet.;Ja;POST;PP;31
A;Beholde NSB, Posten og Avinor i statlig eie og si nei til salg av Telenor.;Ja;KOMMUNIKASJON, STATSEIENDOMMER;PP;31
A;Arbeide for å bruke biogass i kollektivtrafikken.;Ja;SAMFERDSEL, MILJØVERN;PP;31
A;For å sikre rasjonell framdrift av større samferdselsprosjekter vil Arbeiderpartiet gå inn for prosjektfinansiering av vei- og jernbanestrekninger.;Ja;VEGTRAFIKK, JERNBANER;PP;31
A;Beholde differensiert arbeidsgiveravgift.;Ja;AVGIFTER, DISTRIKTSPOLITIKK;PP;31
A;Følge opp satsingsområdene i Groruddalen og i Oslo Sør, og ha satsinger i andre byområder med tilsvarende utfordringer.;Ja;LOKALFORVALTNING;PP;31
A;At ny statslig virksomhet skal lokaliseres ut fra regionale og distriktspolitiske hensyn. Vi vil ikke foreta omfattende utflytting av eksisterende statlige virksomheter.;Ja;STATSBEDRIFTER, DISTRIKTSPOLITIKK;PP;31
A;Bidra til omstilling i lokalsamfunn med særskilte utfordringer.;Ja;LOKALFORVALTNING;PP;31
A;At alle fylker sikres tilstrekkelig med midler til å skjøtte sitt ansvar for regional utvikling. Vi vil utvikle virkemidler for å sikre at også fylker med flere eller alle kommuner det distriktspolitiske virkeområdet skal ha grunnlag for å drive regionalt utviklingsarbeid i hele fylket.;Ja;FYLKESKOMMUNENES ØKONOMI;PP;31
A;Etablere et storstilt og langsiktig forskningsprogram for fornybar energi, herunder offshore vindkraft.;Nei;FORSKNING, MILJØVERN;PP;33
A;Ha en betydelig økning av bevilgningene til vindkraft og andre fornybare energikilder. Disse skal ha rammebetingelser som er langsiktige og forutsigbare.;Ja;ENERGI;PP;34
A;Styrke innsatsen for å øke bruken av bioenergi;Ja;ENERGI;PP;34
A;Bidra til flere fjernvarmeanlegg og biokraftanlegg gjennom støtteordninger og effektiv konsesjonsbehandling.;Ja;ELEKTRISITET;PP;34
A;Arbeide for et grønt sertifikatmarked som omfatter Sverige og på sikt også de øvrige nordiske og europeiske landene.;Ja;ELEKTRISITET;PP;34
A;Styrke kapasiteten i NVE.;Ja;ENERGI;PP;34
A;Legge til rette for opprustning av eksisterende vannkraftverk.;Ja;VASSDRAGSREGULERING;PP;34
A;Vurdere forenklinger i regelverket for konsesjonsbehandling.;Ja;ELEKTRISITET;PP;34
A;Bidra til å utvikle de regionale kraftselskapene gjennom et langsiktig offentlig og regionalt eierskap.;Ja;ENERGI, STATSBEDRIFTER;PP;34
A;Utarbeide en nasjonal strategi for energieffektivisering.;Nei;ELEKTRISITET;PP;34
A;Ha åpenhet i forvaltningen av norsk petroleumsvirksomhet.;Ja;OLJEUTVINNING;PP;34
A;Legge til rette for at en større andel av gass fra norsk sokkel kan benyttes til innenlandsk industriell verdiskaping ved blant annet å bidra til utbygging av infrastruktur for gasstransport.;Ja;OLJEOMSETNING;PP;34
A;At de gitte konsesjoner for gasskraft skal stå ved lag. Nye konsesesjoner skal basere seg på CO2-fjerning.;Nei;ELEKTRISITET;PP;34
A;Utvikle Mongstad til et permanent internasjonalt forskingssenter for fangst og lagring av C02.;Ja;FORSKNING, FORURENSNING;PP;34
A;Gi petroleumsindustrien tilgang til interessante leteområder for olje og gass.;Ja;OLJEUTVINNING;PP;34
A;Bidra til god sameksistens mellom petroleumsvirksomhet og fiskeriinteresser.;Ja;FISKERIER, OLJEUTVINNING;PP;34
A;Bidra til økt bruk av naturgass som drivstoff på skip.;Ja;SJØFART, OLJE;PP;34
A;Nordland VI og VII og Troms II er i dag ikke åpent for petroleumsvirksomhet. Arbeiderpartiet vil ta stilling til leteboring i disse områdene ved behandling av forvaltningsplanen i 2010. Vi vil basere beslutningen på føre-var-prinsippet og på ny kunnskap, og hvorvidt utvinning kan skje på en forsvarlig måte for miljø og fiskeriressurser, og med lokale ringvirkninger. ;Ja;MILJØVERN;PP;34
A;Øke forskning på utslippsberedskap innenfor petroleumsvirksomhet.;Ja;FORSKNING, OLJEUTVINNING;PP;34
A;Oppfylle våre forpliktelser i internasjonale miljøavtaler.;Nei;INTERNASJONALT SAMARBEID, MILJØVERN;PP;35
A;Stanse tapet av biologisk mangfold og øke barskogvernet.;Ja;NATURVERN;PP;35
A;Fullføre vernepelanen for nasjonalparker.;Nei;NATURVERN;PP;35
A;Ha levedyktige rovdyrstammer i Norge, og utøve en aktiv og målrettet rovdyrforvaltning slik at konfliktnivået blir redusert. Vi vil ha gode erstatningsordnigner.;Ja;NATURVERN;PP;35
A;Trappe opp kalking av vassdrag.;Ja;NATURVERN;PP;35
A;Etablere en nasjonal hovedregel om forbud mot bygging av hytter og fritidsboliger på snaufjellet.;Nei;NATURVERN;PP;35
A;Øke kunnskapen om konsekvensene av vern og sikre lokal medvirkning i vernesaker. Det er viktig at det legges til rette for verdiskaping i tilknytning til verneområdene.;Ja;NATURVERN, DISTRIKTSPOLITIKK;PP;35
A;Er imot konstantstøtten og vil gradvis avvikle denne når full barnehagedekning er oppnådd og alternative ordninger etablert.;Ja;FAMILIE;PP;37
A;Utvide foreldrepermisjonen til 48 uker med 100 prosent lønn, og at 14 av disse ukene skal forbeholdes far.;Nei;FAMILIE;PP;37
A;Styrke fars selvstendige permisjonsrettigheter. Hver av foreldrene skal gis foreldrepenger på basis av egen opptjening.;Ja;FAMILIE;PP ;37
A;Utrede hvordan ordningen med den to uker lange omsorgspermisjonen for far ved fødsel eller omsorgsovertakelse kan gjøres bedre.;Nei;FAMILIE;PP;37
A;Innføre tiltak mot samværssabotasje og manglende betaling av bidrag.;Ja;FAMILIE;PP;37
A;At adopsjonsstøtten skal knyttes til folketrygden og settes til 1 G.;Nei;FAMILIE;PP;37
A;Arbeide for å åpne for adopsjon fra flere land.;Ja;FAMILIE;PP;37
A;Ha en opptrappingsplan for styrking av barnevernet i kommunene gjennom kompetanseheving og å øke antall ansatte.;Ja;BARNEVERN;PP;37
A;Målrette atferdsprogrammer brukt i barnevernet, slik at de bedre kan brukes i familier med innvandrerbakgrunn.;Ja;BARNEVERN, INNVANDRERE;PP;38
A;Bedre oversikten over antall norske barn som til enhver tid oppholder seg i utlandet.;Ja;BARN;PP;38
A;Følge opp barn som har mangler i norskkunnskaper ved 4-årskontroll, samt deres foreldre.;Ja;BARN;PP;38
A;Gi tilbud om sommerskole, inkludert fritidsaktiviteter, for barn i områder med mange minoritetsspråklige familier.;Ja;BARN, INNVANDRERE;PP;38
A;Gi tilskudd til nødvendige ombygginger av bolig med hensyn til barn med nedsatt funksjonsevne.;Ja;BARN, FUNKSJONSHEMMEDE;PP;38
A;At barn i familier som lever på sosialstønad skal ha selvstendig rett til aktivitetsutøvelse.;Ja;BARN, TRYGDER;PP;38
A;At avlastningstilbud for familier med barn med spesielt krevende behov må bygges ut.;Ja;BARN, SOSIALVESEN;PP;38
A;Gi domstolen en mulighet for å idømme delt bosted dersom det er barnets beste.;Ja;BARN;PP;38
A;Sikre et sykehustilbud med nærhet til akuttfunksjoner og fødetilbud.;Ja;SYKEHUS;PP;39
A;Samle høyspesialisert medisin for å sikre sterke fagmiljøer.;Ja;HELSEPERSONELL;PP;39
A;Gjennomføre en samhandlingsreform i helsevesenet, hvor de økonomiske, juridiske og organisatoriske ordningene tilpasses slik at pasienten opplever et helsetilbud som henger sammen, og ressursene utnyttes best mulig.;Nei;HELSEVESEN;PP;39
A;At sykehusene i det vesentlige skal være eid og drevet av det offentlige.;Ja;SYKEHUS;PP;39
A;Arbeide for at minoritetsbefolkningen får likeverdige helsetjenester ved å styrke tolketjenesten og øke kunnskapen i helsevesenet.;Ja;HELSEVESEN, INNVANDRERE;PP;39
A;Holde egenandeler i helsevesenet på et lavt nivå.;Ja;HELSEVESEN;PP;39
A;Opprette flere distrikts- og lokalmedisinske sentra.;Ja;HELSEINSTITUSJONER, DISTRIKTSPOLITIKK;PP;39
A;Forbedre den elektroniske informasjonsflyten i alle deler av helsevesenet, og innføre kvalitetsregistre.;Ja;HELSEVESEN;PP;39
A;Sikre god politisk styring gjennom ny nasjonal helseplan som skal være et strategisk styringsdokument for helse- og omsorgstjenesten. Planen skal behandles av Stortinget.;Nei;HELSEVESEN;PP;39
A;Forlenge satsingen på behovsdrevet innovasjon og næringsutvikling i helsesektoren, og utvide denne til også å omfatte forskningsbasert innovasjon.;Ja;HELSEVESEN, NÆRINGSUTVIKLING;PP;39
A;Forbedre det kommunale tilbudet for psykisk syke, og gjennomgå tilbudet til de sykeste av disse.;Ja;HELSEVESEN;PP;39
A;Bedre tilgjengeligheten til akutte tjenester for psykisk syke, og gi et oppfølgingstilbud til pårørende;Ja;HELSEVESEN;PP;39
A;Ha tilrettelagt bo- og aktivitetstilbud for psykisk syke.;Ja;HELSEVESEN;PP;39
A;At barn med alvorlig syke foreldre må følges opp på en god måte i sykehusene og kommunene.;Ja;BARN, HELSEVESEN;PP;39
A;Opprette lindrende enheter for pasienter med inkurabel kreftsykdom og andre alvorlige kroniske diagnoser.;Ja;HELSEINSTITUSJONER;PP;39
A;Støtte forskning på ME / kronisk utmattelssyndrom, og la ME-pasienter få dekket utgifter til medisinsk behandling i utlandet fram til tilfredsstillende medisinsk  behandling er etablert i Norge.;Ja;SYKDOMMER;PP;39
A;Øke antallet forsøk ved assistert befruktning.;Ja;SVANGERSKAP;PP;39
A;At gravide skal ha tilbud om tidlig ultralyd.;Ja;SVANGERSKAP;PP;39
A;Styrke rehabiliterings- og habiliteringstjenestene.;Ja;HELSEVESEN;PP;40
A;At en større del av helsekronene brukes på helsefremmende og forebyggende helsearbeid i kommune.;Ja;FOLKEHELSE;PP;40
A;At skolehelsetjenesten må bli et tilgjengelig tilbud for alle elever fra barneskoletrinnet opp til videregående skole. Nasjonale standarder må settes i forhold til utbredelse og innhold. Skolene må ha tilgang på psykisk helsepersonell.;Ja;SKOLER, HELSEVESEN;PP;40
A;Styrke arbeidsmedisinske avdelinger, og øke kapasiteten slik at det kan bli bedre samordning for forebygging og behandling av yrkesrelaterte sykdommer og helseplager.;Ja;ARBEIDSLIV, HELSEVESEN;PP;40
A;Styrke bedriftshelsetjenesten.;Ja;HELSEINSTITUSJONER;PP;40
A;Samarbeide med arbeidslivets parter slik at den enkelte arbeidsplass kan gi tilbud om fysisk aktivitet, tobakksluttkurs og utvikler godt arbeidsmiljø.;Ja;FOLKEHELSE, ARBEIDSMILJØ;PP;40
A;Ha konkrete sykdomsforebyggende og kunnskapsøkende tiltak rettet mot minoritetsmiljøer som er særlig utsatt for enkelte livsstilssykdommer.;Ja;FOLKEHELSE, INNVANDRERE;PP;40
A;At kommuner og fylkeskommuner har en sentral rolle i arbeidet med folkehelse og mot sosiale helseforskjeller.;Ja;FOLKEHELSE, LOKALFORVALTNING;PP;40
A;At det offentlige gradvis tar et større ansvar på tannhelsefeltet.;Ja;HELSEVESEN;PP;41
A;I perioden 2009-2013 vil vi etablere gratis årlig tannhelsekontroll for eldre over 75 år.;Nei;HELSEVESEN, ELDREOMSORG;PP;41
A;I perioden 2009-2013 vil vi forbedre tannhelsetilbudet for dem som bor i institusjon og utvide det til også å gjelde heldøgns omsorgstilbud utenfor institusjon.;Ja;HELSEVESEN, HELSEINSTITUSJONER;PP;41
A;I perioden 2009-2013 vil vi utvide tannhelsetilbudet for psykisk syke med en alvorlig diagnose.;Ja;HELSEVESEN;PP;41
A;I perioden 2009-2013 vil vi ta bor egenandelen for 19- og 20-åringer hos skoletannlege.;Nei;HELSEVESEN, SKOLER;PP;41
A;I perioden 2009-2013 vil vi at de som deltar i NAVs kvalifiseringsprogram skal ha gratis tannbehandling på linje med dem som har sosialhjelp som hovedinntektskilde eller omfattes av kommunale rustiltak.;Nei;HELSEVESEN, SOSIALVESEN;PP;41
A;I perioden 2009-2013 vil vi at det settes tak for hvor mye den enkelte selv skal dekke av utgifter til nødvendig tannbehandling, slik at alle får råd til å ivareta sin tannhelse på en god måte.;Nei;HELSEVESEN;PP;41
A;Etablere flere oppsøkende tilbud til dem som ikke ellers oppsøker tannhelsetjenester.;Ja;HELSEVESEN;PP;41
A;Øke utdanningskapasiteten for tannpleiere.;Ja;HELSEVESEN, HØYERE UTDANNING;PP;41
A;Legge til rette for desentralisert spesialistutdanning og regionale kompetansesentra innen tannhelse.;Ja;HELSEVESEN;PP;41
A;Arbeide for at det skal være tannlegevakt i alle fylker.;Ja;HELSEVESEN;PP;41
A;Trappe opp tilbudet og kapasiteten innenfor alle deler av rusomsorgen.;Ja;RUSMIDLER, HELSEVESEN;PP;42
A;At ventetiden for behandling av rusavhengighet skal reduseres, og at behandlingstilbudene er differensierte og individuelt tilpasset.;Ja;RUSMIDLER, HELSEVESEN;PP;42
A;At de som ber om hjelp for sin rusavhengighet skal få oppfølging fra første dag.;Nei;RUSMIDLER, HELSEVESEN;PP;42
A;Etablere rusakutt i Oslo, og vurdere etablering også i de andre store byene.;Nei;RUSMIDLER, HELSEVESEN;PP;42
A;Øke den forebyggende innsatsen på skoler og arbeidsplasser for å forhindre rusmisbruk og avhengighet.;Ja;FOLKEHELSE, RUSMIDLER;PP;42
A;Overvåke situasjonen med overdose- og rusrelaterte dødsfall og skaffe mer kunnskap om årsak til slike dødsfall med sikte på å forbedre overlevelsesprognosen for rusavhengige.;Ja;RUSMIDLER;PP;42
A;At rusavhengige skal få innfridd sine pasientrettigheter og sikres rett til behandling på riktig nivå og til rett tid ut fra en individuell vurdering.;Ja;RUSMIDLER, HELSEVESEN;PP;42
A;At alle kommuner utarbeider rusmiddelpolitiske handlingsplaner.;Ja;RUSMIDLER, KOMMUNER;PP;42
A;Ha sterkere statlig tilsyn og kontroll med skjenkepolitikken, samt vurdere innskrenkning i åpningstidenes maksimalgrense for utsalgs- og skjenkesteder.;Ja;RUSMIDLER;PP;42
A;Sikre et alkoholfritt miljø for barn og unge ved skoler og fritidsanlegg.;Ja;SKOLER, RUSMIDLER;PP;42
A;Styrke rusmiddelforskningen.;Ja;FORSKNING, RUSMIDLER;PP;42
A;Fortsette å bygge ut rusbehandlingstiltak i fengslene, og jobbe for at alle landets fengsler skal bli rusfrie.;Ja;FENGSLER, RUSMIDLER;PP;42
A;At personer med både rusavhengighet og psykiske problemer får et bedre og mer samordnet tilbud.;Ja;HELSEVESEN;PP;42
A;At barn og unge som har foreldre med rusproblemer fanges bedre opp ved helsestasjoner, barnehager og skoler. Disse må gis tilstrekkelig kunnskap til å følge opp i forhold til barna og deres familier.;Ja;FAMILIE, RUSMIDLER;PP;42
A;Følge opp pårørende til rusavhengige bedre.;Ja;FAMILIE, RUSMIDLER;PP;42
A;At utdanning om rus styrkes i pleie-, omsorgs- og helserelaterte utdanninger.;Ja;HØYERE UTDANNING, RUSMIDLER;PP;42
A;I større grad ta i bruk muligheten til tvangsbehandling, spesielt mot unge rusmisbrukere.;Ja;HELSEVESEN, RUSMIDLER;PP;42
A;Bygge eller gi tilsagn om bygging av minst 12.000 sykehjemsplasser eller heldøgns omsorgsplasser innen 2015.;Nei;ELDREOMSORG;PP;43
A;Sørge for en god og faglig sterk legetjeneste i omsorgsboliger og sykehjem.;Ja;ELDREOMSORG;PP;43
A;Øke valgfriheten i pleie- og omsorgstilbudene. De som mottar hjemmetjenester skal ha faste hjemmehjelpere, innflytelse på hvem som kommer hjem til seg og medbestemmelse over hva som skal utføres.;Ja;ELDREOMSORG;PP;43
A;Bedre tilbudet og lovfeste dagtilbud til demente.;Nei;ELDREOMSORG;PP;43
A;Styrke etter- og videreutdanning av kommunalt ansatte i pleie og omsorg.;Ja;UTDANNING, SOSIALVESEN, HELSEVESEN;PP;43
A;At institusjoner for eldre skal ha lokaler og betjening som kan ivareta behovet for aktivisering.;Ja;ELDREOMSORG;PP;43
A;At det som ledd i tilbudet til eldre legges til rette for et nært samspill med pårørende og andre frivillige krefter.;Ja;ELDREOMSORG, FAMILIE;PP;43
A;Etablere tilskuddsordninger for eldresentre, besøkstjenester og andre former for møteplasser.;Ja;ELDREOMSORG;PP;43
A;Trekke inn frivillige organisasjoner, biblioteker og eldresentra for å gi eldre muligheter til å lære bruk av IKT.;Ja;ELDREOMSORG;PP;43
A;Gjøre mer aktiv bruk av eldrerådene.;Ja;ELDREOMSORG;PP;43
A;Styrke satsingen på kultur for eldre.;Ja;ELDREOMSORG;PP;43
A;Utvikle tilbudene med senioruniversiteter slik at flere pensjonister får tilgang til ny kunnskap.;Ja;ELDREOMSORG;PP;43